transaction_id,account_id,transaction_type,amount,currency,merchant_category,transaction_timestamp,transaction_status
T00000001,A000071,DEBIT,2307.79,USD,GROCERY,2025-05-13 22:56:18,COMPLETED
T00000002,A000031,TRANSFER,99999.0,USD,TRAVEL,2024-08-24 04:16:36,COMPLETED
T00000003,A000020,CREDIT,5734.24,USD,ECOMMERCE,2025-05-16 17:11:34,COMPLETED
T00000004,A000071,DEBIT,1528.93,INR,ELECTRONICS,2025-03-18 02:32:30,COMPLETED
T00000005,A000054,DEBIT,6302.8,USD,ATM_WITHDRAWAL,2025-03-04 21:22:11,COMPLETED
T00000006,A000085,CREDIT,1193.02,USD,INVESTMENT,2025-01-25 19:47:08,COMPLETED
T00000007,A000042,FEE,7846.29,USD,UTILITIES,2024-01-23 11:35:04,COMPLETED
T00000008,A000091,FEE,3052.94,INR,ELECTRONICS,2024-09-10 01:20:52,COMPLETED
T00000009,A000076,DEBIT,807.41,USD,ECOMMERCE,2024-01-08 05:14:54,COMPLETED
T00000010,A000084,INTEREST,603.25,USD,INSURANCE,2024-12-20 14:28:18,COMPLETED
T00000011,A000043,FEE,6875.44,USD,ECOMMERCE,2025-03-22 19:41:52,COMPLETED
T00000012,A000009,DEBIT,5476.77,USD,TRAVEL,2024-08-10 03:35:03,COMPLETED
T00000013,A000091,FEE,3552.21,EUR,GROCERY,2024-06-15 02:02:35,COMPLETED
T00000014,A000048,CREDIT,1957.36,INR,ELECTRONICS,2024-03-28 06:22:26,COMPLETED
T00000015,A000049,CREDIT,1930.43,USD,ECOMMERCE,2024-11-22 09:14:49,COMPLETED
T00000016,A000086,DEBIT,6438.04,INR,ELECTRONICS,2024-02-07 16:04:58,PENDING
T00000017,A000076,DEBIT,7696.42,USD,ATM_WITHDRAWAL,2024-04-11 14:00:22,FAILED
T00000018,A000014,DEBIT,4577.52,GBP,ATM_WITHDRAWAL,2024-01-12 23:57:55,COMPLETED
T00000019,A000002,CREDIT,5487.97,USD,INSURANCE,2025-01-16 18:05:07,COMPLETED
T00000020,A000037,TRANSFER,1844.8,USD,HEALTHCARE,2024-11-13 09:07:30,COMPLETED
T00000021,A000093,TRANSFER,5448.44,USD,GROCERY,2024-06-07 16:02:59,COMPLETED
T00000022,A000047,TRANSFER,725.62,INR,ELECTRONICS,2024-04-12 04:48:42,COMPLETED
T00000023,A000047,CREDIT,7308.33,USD,ECOMMERCE,2025-05-10 10:44:44,COMPLETED
T00000024,A000044,TRANSFER,3749.31,INR,HEALTHCARE,2025-03-16 14:28:09,REVERSED
T00000025,A000072,DEBIT,10000.0,USD,ATM_WITHDRAWAL,2024-10-26 13:52:21,COMPLETED
T00000026,A000048,DEBIT,1874.41,EUR,INVESTMENT,2024-06-16 22:12:44,COMPLETED
T00000027,A000009,CREDIT,3716.82,INR,TRAVEL,2024-03-12 01:39:03,PENDING
T00000028,A000039,REFUND,933.38,USD,UTILITIES,2024-08-20 13:30:29,COMPLETED
T00000029,A000096,CREDIT,4323.84,INR,UTILITIES,2024-12-01 03:36:18,COMPLETED
T00000030,A000079,CREDIT,7612.41,USD,ECOMMERCE,2024-08-15 08:35:47,FAILED
T00000031,A000013,REFUND,2941.84,INR,GROCERY,2024-07-22 10:02:40,COMPLETED
T00000032,A000016,INTEREST,6594.41,USD,INSURANCE,2025-05-12 00:46:39,COMPLETED
T00000033,A000043,DEBIT,1011.76,USD,INVESTMENT,2024-04-16 21:20:58,COMPLETED
T00000034,A000030,DEBIT,1184.7,USD,ELECTRONICS,2025-05-20 04:43:58,COMPLETED
T00000035,A000023,DEBIT,6932.25,USD,HEALTHCARE,2024-10-28 11:47:17,COMPLETED
T00000036,A000034,DEBIT,5935.04,INR,ECOMMERCE,2024-08-17 13:10:53,COMPLETED
T00000037,A000014,CREDIT,1776.29,INR,INVESTMENT,2024-06-03 16:40:36,COMPLETED
T00000038,A000004,DEBIT,3834.46,INR,ECOMMERCE,2024-12-30 16:08:58,COMPLETED
T00000039,A000011,DEBIT,1190.93,INR,INSURANCE,2024-10-07 11:50:22,COMPLETED
T00000040,A000077,CREDIT,3632.45,USD,TRAVEL,2025-03-12 23:50:14,COMPLETED
T00000041,A000099,CREDIT,6924.61,EUR,UTILITIES,2024-06-22 16:30:41,COMPLETED
T00000042,A000094,DEBIT,3416.98,USD,ELECTRONICS,2024-12-17 17:16:03,COMPLETED
T00000043,A000011,DEBIT,777.03,EUR,INVESTMENT,2024-01-31 21:21:09,PENDING
T00000044,A000072,DEBIT,982.24,INR,UTILITIES,2025-03-20 01:52:23,REVERSED
T00000045,A000077,DEBIT,833.29,USD,ECOMMERCE,2024-04-24 03:56:24,COMPLETED
T00000046,A000072,DEBIT,6102.03,EUR,INVESTMENT,2025-05-13 22:38:10,COMPLETED
T00000047,A000083,CREDIT,4873.91,INR,GROCERY,2024-04-02 09:56:58,COMPLETED
T00000048,A000040,INTEREST,2811.43,USD,UTILITIES,2024-02-05 05:09:55,COMPLETED
T00000049,A000004,DEBIT,4246.21,USD,ELECTRONICS,2024-07-08 11:20:46,COMPLETED
T00000050,A000100,INTEREST,4771.81,USD,INSURANCE,2024-01-26 02:58:13,COMPLETED
T00000051,A000085,CREDIT,4858.57,USD,INVESTMENT,2024-02-28 12:34:02,COMPLETED
T00000052,A000037,CREDIT,4747.11,USD,HEALTHCARE,2024-07-21 21:49:14,COMPLETED
T00000053,A000027,DEBIT,1693.82,USD,DINING,2024-03-02 00:16:53,COMPLETED
T00000054,A000056,DEBIT,3044.76,USD,DINING,2024-02-06 14:27:24,FAILED
T00000055,A000006,CREDIT,3680.74,USD,UTILITIES,2024-10-20 14:43:28,COMPLETED
T00000056,A000054,DEBIT,3243.23,USD,INSURANCE,2024-08-23 13:10:28,COMPLETED
T00000057,A000014,DEBIT,4713.03,USD,ATM_WITHDRAWAL,2025-01-16 12:21:40,COMPLETED
T00000058,A000100,DEBIT,4086.31,USD,DINING,2024-06-28 23:29:59,COMPLETED
T00000059,A000031,DEBIT,2051.47,USD,TRAVEL,2024-03-31 22:51:46,COMPLETED
T00000060,A000097,CREDIT,4637.85,EUR,INSURANCE,2024-06-14 22:50:10,COMPLETED
T00000061,A000057,DEBIT,3540.45,USD,GROCERY,2024-06-29 18:28:17,COMPLETED
T00000062,A000060,CREDIT,459.84,USD,TRAVEL,2024-11-10 21:37:47,COMPLETED
T00000063,A000060,CREDIT,7634.08,USD,INSURANCE,2024-11-29 06:51:12,COMPLETED
T00000064,A000061,CREDIT,7661.99,EUR,DINING,2025-05-17 03:04:13,COMPLETED
T00000065,A000023,DEBIT,5662.44,USD,INSURANCE,2024-03-22 13:14:56,COMPLETED
T00000066,A000037,DEBIT,6196.85,USD,DINING,2024-02-03 12:00:13,COMPLETED
T00000067,A000087,DEBIT,2019.71,GBP,INSURANCE,2025-03-23 05:28:29,COMPLETED
T00000068,A000075,CREDIT,7334.39,INR,UTILITIES,2024-03-07 21:39:53,COMPLETED
T00000069,A000011,DEBIT,3016.55,EUR,INVESTMENT,2024-02-17 23:31:15,COMPLETED
T00000070,A000066,DEBIT,2903.97,USD,ECOMMERCE,2024-04-08 08:14:53,BLOCKED
T00000071,A000020,DEBIT,6756.2,INR,INVESTMENT,2024-01-20 12:15:40,FAILED
T00000072,A000080,DEBIT,3016.88,EUR,INSURANCE,2025-02-18 06:01:37,COMPLETED
T00000073,A000006,CREDIT,5412.52,USD,ATM_WITHDRAWAL,2025-01-20 16:20:41,COMPLETED
T00000074,A000031,DEBIT,6469.95,EUR,DINING,2024-12-13 20:46:06,BLOCKED
T00000075,A000060,TRANSFER,6226.1,USD,ELECTRONICS,2025-02-22 07:16:14,COMPLETED
T00000076,A000018,FEE,422.18,USD,TRAVEL,2024-12-30 18:47:01,FAILED
T00000077,A000037,DEBIT,1286.7,USD,UTILITIES,2024-02-16 08:05:02,COMPLETED
T00000078,A000045,INTEREST,3322.1,USD,UTILITIES,2025-05-24 02:58:16,COMPLETED
T00000079,A000004,DEBIT,797.17,USD,ELECTRONICS,2024-03-11 01:23:40,COMPLETED
T00000080,A000061,CREDIT,1114.65,USD,GROCERY,2025-04-08 02:53:04,COMPLETED
T00000081,A000028,TRANSFER,4392.69,USD,TRAVEL,2025-02-01 10:29:22,COMPLETED
T00000082,A000016,DEBIT,3361.51,USD,TRAVEL,2025-03-04 18:11:53,COMPLETED
T00000083,A000003,CREDIT,4602.5,USD,GROCERY,2024-11-10 12:50:44,COMPLETED
T00000084,A000054,DEBIT,5347.38,USD,INVESTMENT,2024-10-05 18:28:16,COMPLETED
T00000085,A000065,CREDIT,3126.68,INR,DINING,2024-05-09 00:35:28,COMPLETED
T00000086,A000009,DEBIT,5864.86,INR,DINING,2024-03-09 01:36:51,COMPLETED
T00000087,A000044,TRANSFER,1404.84,USD,ECOMMERCE,2024-11-19 06:38:11,COMPLETED
T00000088,A000009,TRANSFER,7549.12,USD,HEALTHCARE,2025-03-29 01:31:32,COMPLETED
T00000089,A000040,CREDIT,7913.04,USD,HEALTHCARE,2024-05-26 12:59:49,FAILED
T00000090,A000007,FEE,2658.74,USD,UTILITIES,2025-01-15 16:00:37,FAILED
T00000091,A000050,DEBIT,1498.6,USD,INVESTMENT,2024-05-16 03:00:28,COMPLETED
T00000092,A000011,CREDIT,7960.81,USD,TRAVEL,2024-02-10 11:56:21,COMPLETED
T00000093,A000040,CREDIT,5742.71,USD,ECOMMERCE,2024-01-22 12:50:10,COMPLETED
T00000094,A000056,DEBIT,7840.32,USD,UTILITIES,2024-07-05 18:40:51,COMPLETED
T00000095,A000087,DEBIT,253.97,INR,ECOMMERCE,2024-01-18 04:35:45,COMPLETED
T00000096,A000100,CREDIT,2900.39,USD,ELECTRONICS,2024-12-13 16:22:52,PENDING
T00000097,A000048,CREDIT,619.7,USD,DINING,2024-11-28 10:08:48,COMPLETED
T00000098,A000015,DEBIT,1492.45,EUR,TRAVEL,2024-05-14 09:28:36,COMPLETED
T00000099,A000028,REFUND,2288.19,USD,TRAVEL,2024-03-10 02:41:46,COMPLETED
T00000100,A000092,CREDIT,706.89,EUR,DINING,2024-12-07 12:38:57,COMPLETED
T00000101,A000071,CREDIT,7131.2,INR,ELECTRONICS,2025-02-10 13:09:41,COMPLETED
T00000102,A000016,REFUND,6337.57,USD,DINING,2024-10-10 20:50:09,COMPLETED
T00000103,A000071,DEBIT,7074.55,USD,ECOMMERCE,2024-09-26 14:57:23,COMPLETED
T00000104,A000074,DEBIT,7779.18,USD,INVESTMENT,2024-06-25 04:40:21,FAILED
T00000105,A000100,CREDIT,4704.35,USD,INVESTMENT,2025-04-11 02:01:03,COMPLETED
T00000106,A000067,DEBIT,1321.43,INR,DINING,2025-04-30 18:53:32,FAILED
T00000107,A000011,DEBIT,5082.28,USD,ATM_WITHDRAWAL,2024-11-10 19:25:24,COMPLETED
T00000108,A000083,DEBIT,7533.15,INR,INSURANCE,2024-06-21 20:31:14,COMPLETED
T00000109,A000004,DEBIT,7588.63,USD,HEALTHCARE,2025-01-27 20:49:51,COMPLETED
T00000110,A000082,DEBIT,7112.53,INR,ATM_WITHDRAWAL,2024-09-04 08:54:56,COMPLETED
T00000111,A000088,CREDIT,3631.09,USD,UTILITIES,2024-09-04 16:54:35,COMPLETED
T00000112,A000078,DEBIT,6892.57,GBP,DINING,2025-05-14 14:31:00,COMPLETED
T00000113,A000048,CREDIT,853.94,USD,ECOMMERCE,2024-05-06 05:07:45,COMPLETED
T00000114,A000038,INTEREST,6913.99,GBP,ELECTRONICS,2025-02-20 11:55:17,PENDING
T00000115,A000093,DEBIT,6106.16,USD,ECOMMERCE,2025-03-26 11:14:01,COMPLETED
T00000116,A000012,INTEREST,4046.03,USD,DINING,2024-01-25 01:50:24,COMPLETED
T00000117,A000077,FEE,5235.81,USD,TRAVEL,2024-08-08 04:52:35,FAILED
T00000118,A000094,DEBIT,3229.02,USD,INVESTMENT,2024-04-09 13:11:56,COMPLETED
T00000119,A000010,DEBIT,3605.58,EUR,INSURANCE,2024-12-14 22:14:50,COMPLETED
T00000120,A000013,DEBIT,6360.2,GBP,ELECTRONICS,2024-04-11 21:56:06,COMPLETED
T00000121,A000065,DEBIT,316.12,EUR,INVESTMENT,2024-08-21 05:25:21,COMPLETED
T00000122,A000066,DEBIT,7451.29,USD,INSURANCE,2025-01-13 10:53:41,COMPLETED
T00000123,A000065,TRANSFER,4261.06,USD,GROCERY,2024-07-07 12:03:36,COMPLETED
T00000124,A000054,CREDIT,6375.05,INR,GROCERY,2024-11-01 17:16:45,COMPLETED
T00000125,A000084,TRANSFER,6210.42,INR,INSURANCE,2024-09-02 06:12:29,COMPLETED
T00000126,A000093,CREDIT,6730.13,INR,GROCERY,2024-10-20 04:00:04,COMPLETED
T00000127,A000057,DEBIT,1215.69,USD,INSURANCE,2025-04-16 17:10:14,FAILED
T00000128,A000095,TRANSFER,5647.67,INR,ECOMMERCE,2024-09-26 13:43:11,COMPLETED
T00000129,A000023,CREDIT,4267.35,INR,ATM_WITHDRAWAL,2024-11-08 17:37:42,COMPLETED
T00000130,A000032,DEBIT,2391.5,GBP,ATM_WITHDRAWAL,2024-12-26 07:32:48,COMPLETED
T00000131,A000063,DEBIT,2793.68,INR,ATM_WITHDRAWAL,2024-05-27 04:26:14,COMPLETED
T00000132,A000070,DEBIT,7841.38,GBP,ELECTRONICS,2024-05-28 01:31:53,COMPLETED
T00000133,A000092,DEBIT,7392.46,INR,HEALTHCARE,2024-04-13 19:36:32,COMPLETED
T00000134,A000072,CREDIT,1102.5,INR,HEALTHCARE,2024-01-26 19:20:04,COMPLETED
T00000135,A000030,DEBIT,3309.34,USD,ELECTRONICS,2024-01-03 20:02:15,REVERSED
T00000136,A000021,CREDIT,7480.58,USD,HEALTHCARE,2025-01-22 10:27:29,COMPLETED
T00000137,A000083,DEBIT,6150.96,USD,GROCERY,2025-04-12 06:22:26,COMPLETED
T00000138,A000023,INTEREST,295.54,INR,ELECTRONICS,2025-04-24 10:32:21,FAILED
T00000139,A000002,DEBIT,4824.25,USD,ECOMMERCE,2025-05-21 23:20:58,COMPLETED
T00000140,A000064,FEE,1077.93,USD,TRAVEL,2024-06-18 05:54:58,COMPLETED
T00000141,A000083,DEBIT,1493.66,INR,INSURANCE,2024-12-11 07:01:58,COMPLETED
T00000142,A000082,FEE,6616.78,USD,TRAVEL,2024-04-04 05:07:10,COMPLETED
T00000143,A000032,DEBIT,3071.68,USD,DINING,2024-06-03 21:12:24,COMPLETED
T00000144,A000002,DEBIT,2879.62,INR,ECOMMERCE,2024-06-06 05:48:54,COMPLETED
T00000145,A000065,INTEREST,7102.97,INR,ATM_WITHDRAWAL,2024-07-07 22:22:40,COMPLETED
T00000146,A000018,CREDIT,3642.55,USD,INVESTMENT,2025-04-12 17:08:32,COMPLETED
T00000147,A000086,TRANSFER,6096.07,INR,TRAVEL,2024-09-26 16:15:56,COMPLETED
T00000148,A000047,DEBIT,4515.53,USD,INVESTMENT,2024-04-13 20:51:05,COMPLETED
T00000149,A000022,DEBIT,4165.13,USD,INSURANCE,2024-09-07 03:18:39,FAILED
T00000150,A000058,TRANSFER,3630.19,USD,GROCERY,2024-10-13 16:50:04,COMPLETED
T00000151,A000040,TRANSFER,3170.61,INR,INSURANCE,2024-02-07 01:38:56,COMPLETED
T00000152,A000090,DEBIT,7953.02,USD,ECOMMERCE,2024-01-17 10:27:09,COMPLETED
T00000153,A000099,DEBIT,5133.99,GBP,DINING,2025-05-23 13:55:32,COMPLETED
T00000154,A000049,DEBIT,5463.43,USD,DINING,2024-03-01 06:29:52,BLOCKED
T00000155,A000051,CREDIT,5824.23,USD,GROCERY,2025-05-15 10:51:47,COMPLETED
T00000156,A000093,CREDIT,4257.81,USD,DINING,2024-03-20 10:02:09,COMPLETED
T00000157,A000093,TRANSFER,262.58,INR,GROCERY,2024-05-03 07:30:11,COMPLETED
T00000158,A000077,DEBIT,4784.29,USD,GROCERY,2024-07-24 15:58:55,COMPLETED
T00000159,A000028,TRANSFER,6209.63,GBP,HEALTHCARE,2025-02-21 20:58:31,COMPLETED
T00000160,A000077,TRANSFER,6547.97,EUR,INVESTMENT,2024-04-23 15:03:26,COMPLETED
T00000161,A000008,CREDIT,4735.38,USD,UTILITIES,2024-10-11 18:02:42,COMPLETED
T00000162,A000045,INTEREST,5372.38,USD,UTILITIES,2024-07-28 05:25:58,COMPLETED
T00000163,A000024,TRANSFER,3790.78,USD,ELECTRONICS,2025-02-16 16:51:29,FAILED
T00000164,A000072,CREDIT,3334.98,USD,ATM_WITHDRAWAL,2024-04-14 12:01:28,COMPLETED
T00000165,A000058,TRANSFER,744.25,USD,ATM_WITHDRAWAL,2024-07-12 22:01:34,COMPLETED
T00000166,A000010,DEBIT,6094.76,INR,ECOMMERCE,2024-04-16 12:07:22,COMPLETED
T00000167,A000002,DEBIT,1524.24,INR,ECOMMERCE,2025-04-13 08:49:57,COMPLETED
T00000168,A000091,DEBIT,7321.44,INR,UTILITIES,2024-08-26 19:25:46,COMPLETED
T00000169,A000040,DEBIT,4104.97,USD,ECOMMERCE,2025-01-24 11:39:33,FAILED
T00000170,A000048,DEBIT,370.5,INR,GROCERY,2024-05-13 20:08:43,PENDING
T00000171,A000075,TRANSFER,2365.06,USD,INSURANCE,2025-03-02 08:56:48,COMPLETED
T00000172,A000084,INTEREST,2703.83,USD,ECOMMERCE,2024-08-23 06:07:30,COMPLETED
T00000173,A000046,DEBIT,5763.91,EUR,INVESTMENT,2025-05-22 23:22:03,PENDING
T00000174,A000068,DEBIT,6774.35,INR,GROCERY,2024-07-30 05:00:21,COMPLETED
T00000175,A000030,DEBIT,1212.48,USD,GROCERY,2024-11-12 23:13:08,COMPLETED
T00000176,A000079,FEE,99999.0,USD,INVESTMENT,2025-01-04 10:00:10,COMPLETED
T00000177,A000037,DEBIT,6506.19,EUR,ELECTRONICS,2024-02-24 03:30:24,COMPLETED
T00000178,A000031,DEBIT,4214.02,USD,UTILITIES,2024-02-10 13:34:56,PENDING
T00000179,A000059,CREDIT,7921.91,INR,TRAVEL,2024-11-30 23:39:42,COMPLETED
T00000180,A000012,CREDIT,3020.47,INR,ELECTRONICS,2024-02-12 18:11:57,COMPLETED
T00000181,A000083,TRANSFER,4529.02,USD,INVESTMENT,2025-04-15 01:32:57,COMPLETED
T00000182,A000089,FEE,3806.62,USD,ATM_WITHDRAWAL,2025-04-05 19:46:16,COMPLETED
T00000183,A000005,DEBIT,25000.0,INR,UTILITIES,2025-04-20 02:48:04,COMPLETED
T00000184,A000073,DEBIT,6678.03,EUR,DINING,2024-07-15 05:05:43,COMPLETED
T00000185,A000089,TRANSFER,4008.84,USD,UTILITIES,2024-04-28 02:46:03,COMPLETED
T00000186,A000099,CREDIT,4766.89,USD,ATM_WITHDRAWAL,2025-02-05 16:24:14,COMPLETED
T00000187,A000046,CREDIT,3006.54,INR,UTILITIES,2024-02-13 22:31:23,COMPLETED
T00000188,A000032,TRANSFER,660.89,INR,ELECTRONICS,2025-01-13 14:11:08,COMPLETED
T00000189,A000014,DEBIT,7543.97,INR,TRAVEL,2024-03-08 03:10:42,COMPLETED
T00000190,A000058,CREDIT,4101.96,USD,INVESTMENT,2024-02-17 21:44:00,COMPLETED
T00000191,A000042,FEE,103.66,INR,INVESTMENT,2025-04-08 08:50:16,COMPLETED
T00000192,A000022,CREDIT,1360.17,USD,ELECTRONICS,2024-02-02 06:05:16,COMPLETED
T00000193,A000054,DEBIT,6262.42,GBP,ECOMMERCE,2024-10-31 22:27:08,COMPLETED
T00000194,A000014,DEBIT,59.11,EUR,UTILITIES,2025-02-15 11:59:53,COMPLETED
T00000195,A000056,TRANSFER,6876.77,USD,DINING,2024-11-04 07:18:46,COMPLETED
T00000196,A000023,INTEREST,7749.96,INR,ECOMMERCE,2025-05-10 20:58:01,COMPLETED
T00000197,A000042,DEBIT,6532.87,USD,INSURANCE,2024-04-12 21:33:44,BLOCKED
T00000198,A000024,CREDIT,4403.04,USD,HEALTHCARE,2024-08-12 10:36:25,COMPLETED
T00000199,A000009,TRANSFER,6366.28,USD,ATM_WITHDRAWAL,2024-05-03 09:11:59,COMPLETED
T00000200,A000092,CREDIT,3019.04,INR,INSURANCE,2024-07-24 19:27:20,COMPLETED
T00000201,A000089,CREDIT,298.94,INR,INVESTMENT,2024-10-31 23:14:07,FAILED
T00000202,A000014,TRANSFER,5262.53,INR,GROCERY,2024-10-15 23:29:05,COMPLETED
T00000203,A000052,INTEREST,2656.12,USD,TRAVEL,2024-05-12 08:04:58,COMPLETED
T00000204,A000067,CREDIT,5502.88,USD,ECOMMERCE,2025-01-30 21:25:47,COMPLETED
T00000205,A000020,DEBIT,201.38,USD,TRAVEL,2024-02-29 05:09:29,COMPLETED
T00000206,A000044,CREDIT,1658.9,USD,ECOMMERCE,2025-01-04 16:28:23,COMPLETED
T00000207,A000039,DEBIT,5687.68,USD,TRAVEL,2024-12-12 05:59:02,FAILED
T00000208,A000095,DEBIT,1399.75,INR,ECOMMERCE,2024-04-28 14:44:50,COMPLETED
T00000209,A000024,CREDIT,3459.91,INR,HEALTHCARE,2024-08-18 21:33:41,COMPLETED
T00000210,A000001,TRANSFER,1650.25,EUR,TRAVEL,2024-10-22 03:42:16,COMPLETED
T00000211,A000069,DEBIT,2611.25,USD,ECOMMERCE,2024-09-27 23:16:09,COMPLETED
T00000212,A000050,CREDIT,4698.1,EUR,INSURANCE,2024-03-29 10:49:46,FAILED
T00000213,A000076,DEBIT,1075.91,USD,ELECTRONICS,2024-07-10 05:08:48,COMPLETED
T00000214,A000054,CREDIT,4600.57,USD,INVESTMENT,2024-12-21 23:29:35,PENDING
T00000215,A000023,CREDIT,3919.69,USD,ECOMMERCE,2024-11-13 01:57:06,FAILED
T00000216,A000002,CREDIT,1565.05,INR,ECOMMERCE,2024-07-28 17:54:11,COMPLETED
T00000217,A000057,CREDIT,665.95,INR,ATM_WITHDRAWAL,2024-01-17 10:00:25,COMPLETED
T00000218,A000037,DEBIT,3661.28,INR,INVESTMENT,2024-09-18 04:07:18,COMPLETED
T00000219,A000035,TRANSFER,6587.15,EUR,GROCERY,2025-01-24 16:04:10,COMPLETED
T00000220,A000055,DEBIT,6641.42,USD,GROCERY,2024-08-18 09:34:07,COMPLETED
T00000221,A000012,CREDIT,7951.69,USD,INSURANCE,2024-12-18 12:45:57,FAILED
T00000222,A000079,CREDIT,1332.02,USD,HEALTHCARE,2025-02-16 02:09:40,COMPLETED
T00000223,A000069,DEBIT,4312.45,INR,ATM_WITHDRAWAL,2024-10-20 09:44:01,PENDING
T00000224,A000066,REFUND,5436.0,GBP,UTILITIES,2025-04-15 02:09:30,BLOCKED
T00000225,A000084,DEBIT,6929.3,INR,HEALTHCARE,2025-01-24 14:17:52,COMPLETED
T00000226,A000074,CREDIT,5024.36,USD,TRAVEL,2024-07-25 18:46:22,COMPLETED
T00000227,A000089,INTEREST,2955.72,USD,GROCERY,2025-03-20 03:23:28,COMPLETED
T00000228,A000059,CREDIT,5579.83,INR,UTILITIES,2024-04-21 15:38:34,COMPLETED
T00000229,A000064,DEBIT,6627.61,INR,INSURANCE,2025-03-12 17:40:14,COMPLETED
T00000230,A000088,TRANSFER,372.31,EUR,GROCERY,2024-03-04 05:45:07,COMPLETED
T00000231,A000001,REFUND,3425.26,EUR,ATM_WITHDRAWAL,2024-03-22 09:58:36,COMPLETED
T00000232,A000047,DEBIT,2977.89,USD,UTILITIES,2024-11-16 11:07:23,COMPLETED
T00000233,A000097,DEBIT,5245.6,USD,ECOMMERCE,2024-02-09 04:49:53,COMPLETED
T00000234,A000067,CREDIT,79.25,EUR,UTILITIES,2024-12-21 04:48:44,COMPLETED
T00000235,A000030,DEBIT,5847.45,USD,ATM_WITHDRAWAL,2024-03-11 13:56:04,COMPLETED
T00000236,A000097,FEE,5134.4,USD,INSURANCE,2024-01-05 22:13:15,COMPLETED
T00000237,A000057,DEBIT,1708.38,EUR,INSURANCE,2024-12-17 16:06:24,FAILED
T00000238,A000012,FEE,1124.41,INR,DINING,2025-05-08 15:38:00,COMPLETED
T00000239,A000018,DEBIT,5158.74,INR,INSURANCE,2024-05-25 00:58:35,COMPLETED
T00000240,A000085,FEE,1647.54,USD,UTILITIES,2024-05-31 23:31:34,COMPLETED
T00000241,A000031,CREDIT,906.39,INR,INVESTMENT,2025-03-31 00:26:21,BLOCKED
T00000242,A000041,DEBIT,6887.21,USD,ELECTRONICS,2025-01-25 17:08:56,PENDING
T00000243,A000099,DEBIT,25000.0,USD,GROCERY,2025-04-30 14:29:23,COMPLETED
T00000244,A000081,TRANSFER,6138.04,USD,INVESTMENT,2024-10-02 22:25:46,COMPLETED
T00000245,A000011,DEBIT,4092.88,EUR,INVESTMENT,2024-06-16 14:13:33,COMPLETED
T00000246,A000098,TRANSFER,5450.04,INR,HEALTHCARE,2024-01-30 08:54:04,COMPLETED
T00000247,A000056,DEBIT,4900.31,INR,ELECTRONICS,2024-03-02 00:27:40,COMPLETED
T00000248,A000090,DEBIT,3973.82,USD,ATM_WITHDRAWAL,2024-03-26 13:32:21,COMPLETED
T00000249,A000100,FEE,5864.82,EUR,DINING,2025-02-17 15:37:52,COMPLETED
T00000250,A000009,DEBIT,7800.53,USD,INVESTMENT,2024-07-03 02:01:06,COMPLETED
T00000251,A000073,DEBIT,1262.69,EUR,TRAVEL,2024-04-26 18:31:32,COMPLETED
T00000252,A000002,DEBIT,3776.76,USD,GROCERY,2024-10-10 23:52:24,COMPLETED
T00000253,A000042,DEBIT,7327.26,EUR,INSURANCE,2024-07-09 04:20:50,COMPLETED
T00000254,A000007,DEBIT,6435.68,GBP,TRAVEL,2025-03-25 16:56:00,FAILED
T00000255,A000100,TRANSFER,2621.77,USD,HEALTHCARE,2024-05-29 20:31:39,COMPLETED
T00000256,A000095,CREDIT,3714.09,USD,HEALTHCARE,2025-01-10 19:53:58,COMPLETED
T00000257,A000032,DEBIT,7459.52,USD,GROCERY,2025-05-01 12:11:51,COMPLETED
T00000258,A000085,DEBIT,5905.97,USD,HEALTHCARE,2024-08-02 17:54:51,REVERSED
T00000259,A000019,TRANSFER,748.75,EUR,INVESTMENT,2024-07-30 13:33:43,COMPLETED
T00000260,A000096,DEBIT,769.14,EUR,TRAVEL,2024-10-30 20:40:25,COMPLETED
T00000261,A000085,INTEREST,1897.99,USD,UTILITIES,2024-12-24 11:52:42,COMPLETED
T00000262,A000035,DEBIT,7548.72,INR,TRAVEL,2024-03-20 03:50:48,COMPLETED
T00000263,A000060,DEBIT,970.29,INR,ECOMMERCE,2024-06-06 16:52:11,COMPLETED
T00000264,A000016,DEBIT,6461.74,INR,INSURANCE,2024-01-21 07:49:43,COMPLETED
T00000265,A000042,DEBIT,5690.7,USD,GROCERY,2024-12-12 10:52:49,COMPLETED
T00000266,A000023,DEBIT,3238.12,INR,HEALTHCARE,2024-02-18 16:49:20,COMPLETED
T00000267,A000018,DEBIT,498.05,USD,HEALTHCARE,2025-02-25 14:35:05,COMPLETED
T00000268,A000081,INTEREST,676.9,EUR,TRAVEL,2024-01-12 02:20:50,COMPLETED
T00000269,A000083,CREDIT,1034.69,EUR,DINING,2024-03-03 01:33:16,PENDING
T00000270,A000007,DEBIT,4593.2,USD,GROCERY,2024-07-14 15:32:03,COMPLETED
T00000271,A000028,FEE,2203.48,USD,INSURANCE,2024-11-13 22:27:48,COMPLETED
T00000272,A000038,CREDIT,7062.81,USD,UTILITIES,2024-03-11 15:15:49,COMPLETED
T00000273,A000068,DEBIT,7952.73,USD,UTILITIES,2025-02-04 13:04:29,COMPLETED
T00000274,A000101,CREDIT,7301.85,USD,ELECTRONICS,2024-01-14 11:36:35,COMPLETED
T00000275,A000004,FEE,6229.41,GBP,INVESTMENT,2024-07-02 21:15:44,BLOCKED
T00000276,A000021,DEBIT,5256.63,EUR,GROCERY,2025-01-26 07:59:18,COMPLETED
T00000277,A000050,DEBIT,6714.58,USD,INSURANCE,2024-06-11 13:03:46,FAILED
T00000278,A000004,TRANSFER,2816.7,USD,HEALTHCARE,2025-03-04 17:55:17,COMPLETED
T00000279,A000023,CREDIT,726.61,USD,INVESTMENT,2024-09-01 00:01:29,COMPLETED
T00000280,A000079,DEBIT,1048.26,EUR,DINING,2024-01-31 00:47:52,COMPLETED
T00000281,A000091,FEE,6196.06,EUR,TRAVEL,2024-07-10 14:24:11,COMPLETED
T00000282,A000044,DEBIT,1095.93,GBP,ECOMMERCE,2024-11-28 11:33:06,COMPLETED
T00000283,A000072,CREDIT,7431.12,USD,INSURANCE,2025-02-21 06:23:03,COMPLETED
T00000284,A000094,CREDIT,1023.15,GBP,INSURANCE,2024-07-19 20:39:41,COMPLETED
T00000285,A000078,DEBIT,6471.41,INR,TRAVEL,2025-04-24 18:03:55,COMPLETED
T00000286,A000096,DEBIT,2777.75,INR,TRAVEL,2025-02-24 23:16:08,COMPLETED
T00000287,A000043,CREDIT,2125.37,USD,ATM_WITHDRAWAL,2025-02-06 03:56:00,COMPLETED
T00000288,A000007,DEBIT,5862.01,EUR,ECOMMERCE,2025-03-27 13:47:18,COMPLETED
T00000289,A000049,DEBIT,3838.52,INR,HEALTHCARE,2024-03-24 16:25:51,COMPLETED
T00000290,A000005,DEBIT,2553.14,USD,ELECTRONICS,2025-03-30 13:40:12,COMPLETED
T00000291,A000010,CREDIT,7185.5,INR,INSURANCE,2025-04-02 17:34:33,COMPLETED
T00000292,A000056,INTEREST,1324.15,USD,TRAVEL,2024-06-18 07:29:01,REVERSED
T00000293,A000053,CREDIT,5777.69,USD,ATM_WITHDRAWAL,2024-06-01 08:38:55,COMPLETED
T00000294,A000051,CREDIT,6719.64,USD,UTILITIES,2024-02-14 10:43:27,COMPLETED
T00000295,A000081,CREDIT,1601.4,USD,ATM_WITHDRAWAL,2025-05-15 02:58:59,COMPLETED
T00000296,A000015,DEBIT,3182.75,INR,TRAVEL,2024-11-24 19:48:39,COMPLETED
T00000297,A000048,FEE,2958.37,USD,ECOMMERCE,2024-05-14 08:14:14,COMPLETED
T00000298,A000073,DEBIT,6019.12,USD,DINING,2025-02-17 19:42:48,COMPLETED
T00000299,A000097,CREDIT,4431.05,EUR,UTILITIES,2025-05-09 19:29:50,COMPLETED
T00000300,A000061,CREDIT,1888.96,USD,GROCERY,2024-09-14 20:47:50,FAILED
T00000301,A000074,CREDIT,4964.08,INR,ELECTRONICS,2025-04-30 06:05:10,REVERSED
T00000302,A000025,DEBIT,3389.88,USD,ELECTRONICS,2025-03-03 21:39:54,COMPLETED
T00000303,A000094,FEE,540.76,USD,DINING,2025-03-14 10:03:22,COMPLETED
T00000304,A000002,TRANSFER,4986.35,USD,UTILITIES,2024-03-17 05:23:44,COMPLETED
T00000305,A000075,TRANSFER,7517.5,INR,TRAVEL,2025-02-06 10:24:58,FAILED
T00000306,A000045,FEE,2116.77,INR,ECOMMERCE,2024-01-20 06:16:10,COMPLETED
T00000307,A000019,CREDIT,5448.1,USD,DINING,2024-12-19 08:38:59,COMPLETED
T00000308,A000061,INTEREST,7176.77,EUR,ATM_WITHDRAWAL,2024-06-08 10:12:25,COMPLETED
T00000309,A000090,CREDIT,7780.11,USD,ECOMMERCE,2025-01-31 11:40:56,COMPLETED
T00000310,A000054,CREDIT,718.85,EUR,UTILITIES,2025-01-14 17:38:19,COMPLETED
T00000311,A000048,TRANSFER,4124.58,USD,INVESTMENT,2024-07-25 04:56:19,COMPLETED
T00000312,A000068,FEE,236.44,EUR,GROCERY,2024-05-07 01:12:14,COMPLETED
T00000313,A000047,TRANSFER,2195.45,USD,TRAVEL,2024-12-14 01:06:45,COMPLETED
T00000314,A000063,CREDIT,1424.78,INR,DINING,2024-06-25 05:57:12,COMPLETED
T00000315,A000034,TRANSFER,5512.36,USD,ELECTRONICS,2025-03-13 20:50:07,COMPLETED
T00000316,A000028,FEE,5180.8,USD,UTILITIES,2024-09-19 00:43:48,FAILED
T00000317,A000099,CREDIT,3795.41,USD,GROCERY,2024-04-24 09:11:21,COMPLETED
T00000318,A000040,TRANSFER,5676.4,EUR,DINING,2024-08-23 09:10:29,COMPLETED
T00000319,A000039,CREDIT,6595.37,USD,INVESTMENT,2024-12-05 13:37:31,COMPLETED
T00000320,A000077,CREDIT,2391.32,USD,ATM_WITHDRAWAL,2024-11-23 11:50:16,FAILED
T00000321,A000034,CREDIT,7617.74,USD,INVESTMENT,2025-01-26 08:44:56,FAILED
T00000322,A000077,CREDIT,2560.09,USD,ECOMMERCE,2025-05-25 10:45:45,COMPLETED
T00000323,A000054,CREDIT,5895.17,GBP,HEALTHCARE,2024-06-24 08:05:45,COMPLETED
T00000324,A000082,TRANSFER,7252.68,USD,ELECTRONICS,2025-03-06 23:56:34,FAILED
T00000325,A000024,DEBIT,3768.89,INR,INVESTMENT,2025-01-25 06:39:55,PENDING
T00000326,A000043,CREDIT,1781.92,EUR,UTILITIES,2025-02-07 12:03:46,COMPLETED
T00000327,A000075,DEBIT,6810.46,EUR,INSURANCE,2024-10-24 22:35:50,COMPLETED
T00000328,A000025,CREDIT,6940.64,USD,GROCERY,2025-03-21 05:29:22,COMPLETED
T00000329,A000026,DEBIT,7897.6,GBP,ELECTRONICS,2024-06-10 06:33:59,COMPLETED
T00000330,A000063,DEBIT,7893.19,USD,ECOMMERCE,2024-05-20 07:37:24,COMPLETED
T00000331,A000022,CREDIT,1271.69,INR,ELECTRONICS,2024-11-10 15:47:27,COMPLETED
T00000332,A000052,CREDIT,25000.0,INR,GROCERY,2025-04-01 11:43:53,COMPLETED
T00000333,A000068,DEBIT,5415.6,USD,DINING,2024-06-08 04:41:39,COMPLETED
T00000334,A000065,CREDIT,1340.33,USD,ATM_WITHDRAWAL,2024-08-21 18:56:35,COMPLETED
T00000335,A000044,CREDIT,5495.81,GBP,ECOMMERCE,2024-07-02 06:51:37,COMPLETED
T00000336,A000052,DEBIT,1798.45,USD,GROCERY,2024-10-28 18:22:23,COMPLETED
T00000337,A000047,TRANSFER,6338.06,INR,INVESTMENT,2024-11-15 01:46:08,COMPLETED
T00000338,A000007,CREDIT,10000.0,USD,UTILITIES,2024-03-04 19:55:33,COMPLETED
T00000339,A000090,DEBIT,5563.06,USD,TRAVEL,2024-12-05 18:56:37,COMPLETED
T00000340,A000078,TRANSFER,3353.51,USD,INSURANCE,2024-03-01 10:17:34,COMPLETED
T00000341,A000014,CREDIT,4873.97,EUR,HEALTHCARE,2024-07-02 14:55:07,COMPLETED
T00000342,A000006,CREDIT,7283.3,USD,HEALTHCARE,2024-01-02 00:27:51,COMPLETED
T00000343,A000015,TRANSFER,5353.83,USD,INVESTMENT,2024-02-08 03:41:16,FAILED
T00000344,A000083,DEBIT,7909.38,USD,TRAVEL,2025-02-20 06:21:38,FAILED
T00000345,A000038,DEBIT,5415.75,USD,GROCERY,2024-01-05 05:02:19,COMPLETED
T00000346,A000022,DEBIT,7156.75,USD,TRAVEL,2024-07-09 12:28:41,COMPLETED
T00000347,A000052,CREDIT,3655.03,INR,ECOMMERCE,2025-02-13 15:21:18,COMPLETED
T00000348,A000022,DEBIT,5570.88,GBP,ELECTRONICS,2024-02-23 15:08:49,FAILED
T00000349,A000062,TRANSFER,5428.75,USD,DINING,2024-11-09 01:02:57,FAILED
T00000350,A000094,REFUND,1049.59,USD,UTILITIES,2024-08-13 01:40:25,COMPLETED
T00000351,A000084,DEBIT,5638.02,INR,INSURANCE,2025-01-05 20:34:17,COMPLETED
T00000352,A000086,FEE,4155.2,INR,UTILITIES,2024-12-04 09:03:01,COMPLETED
T00000353,A000085,CREDIT,3082.09,INR,INSURANCE,2024-01-28 00:25:26,COMPLETED
T00000354,A000021,CREDIT,3756.97,USD,ECOMMERCE,2024-06-13 08:46:14,COMPLETED
T00000355,A000036,DEBIT,1785.54,USD,HEALTHCARE,2024-02-10 16:42:54,COMPLETED
T00000356,A000074,CREDIT,6853.43,USD,ECOMMERCE,2025-01-16 23:47:18,COMPLETED
T00000357,A000052,CREDIT,10000.0,INR,INSURANCE,2024-11-22 11:05:24,FAILED
T00000358,A000072,DEBIT,5373.44,USD,GROCERY,2025-02-22 08:06:58,COMPLETED
T00000359,A000043,CREDIT,4959.96,INR,ECOMMERCE,2024-02-28 03:32:51,COMPLETED
T00000360,A000029,DEBIT,2844.34,INR,INVESTMENT,2024-09-24 13:36:46,COMPLETED
T00000361,A000006,FEE,3941.92,INR,UTILITIES,2024-02-24 09:15:30,COMPLETED
T00000362,A000025,DEBIT,6818.29,EUR,HEALTHCARE,2025-01-01 12:18:13,COMPLETED
T00000363,A000054,DEBIT,5067.76,USD,ECOMMERCE,2024-08-22 23:58:25,COMPLETED
T00000364,A000065,DEBIT,3993.13,USD,UTILITIES,2025-03-05 21:18:12,COMPLETED
T00000365,A000066,TRANSFER,7281.9,USD,ELECTRONICS,2024-02-23 14:06:18,COMPLETED
T00000366,A000078,FEE,4035.36,GBP,HEALTHCARE,2024-05-20 14:29:09,REVERSED
T00000367,A000038,CREDIT,1071.31,INR,INVESTMENT,2024-06-02 19:56:42,FAILED
T00000368,A000092,TRANSFER,4430.88,USD,ATM_WITHDRAWAL,2024-12-17 12:34:18,FAILED
T00000369,A000017,REFUND,5202.44,USD,DINING,2024-12-29 04:12:06,COMPLETED
T00000370,A000072,CREDIT,4567.25,USD,INVESTMENT,2024-05-26 15:22:43,COMPLETED
T00000371,A000067,DEBIT,3050.06,USD,ATM_WITHDRAWAL,2025-01-19 05:51:34,BLOCKED
T00000372,A000088,DEBIT,6715.86,USD,INVESTMENT,2024-01-17 13:03:33,COMPLETED
T00000373,A000014,CREDIT,5405.83,USD,INVESTMENT,2024-07-18 08:39:02,COMPLETED
T00000374,A000090,DEBIT,5317.63,USD,DINING,2025-05-09 20:06:08,COMPLETED
T00000375,A000096,DEBIT,4966.39,EUR,HEALTHCARE,2025-04-11 23:04:31,COMPLETED
T00000376,A000083,DEBIT,4709.14,USD,HEALTHCARE,2024-05-30 16:20:27,COMPLETED
T00000377,A000088,DEBIT,7699.99,USD,GROCERY,2024-08-07 10:09:43,COMPLETED
T00000378,A000017,DEBIT,99999.0,INR,ELECTRONICS,2024-01-21 05:35:46,FAILED
T00000379,A000077,DEBIT,7459.39,INR,ECOMMERCE,2025-02-08 20:51:01,COMPLETED
T00000380,A000010,TRANSFER,2546.28,USD,TRAVEL,2025-02-06 18:23:29,COMPLETED
T00000381,A000070,CREDIT,740.1,USD,DINING,2024-06-18 13:08:10,COMPLETED
T00000382,A000097,CREDIT,3801.48,INR,GROCERY,2024-02-28 12:35:51,COMPLETED
T00000383,A000083,CREDIT,4970.95,INR,DINING,2024-07-14 04:07:40,COMPLETED
T00000384,A000070,TRANSFER,202.52,INR,INVESTMENT,2025-02-15 18:31:20,COMPLETED
T00000385,A000006,DEBIT,5213.97,USD,TRAVEL,2024-03-26 19:35:13,COMPLETED
T00000386,A000081,DEBIT,5364.33,EUR,UTILITIES,2025-03-03 03:47:01,COMPLETED
T00000387,A000090,FEE,5932.29,EUR,TRAVEL,2025-01-17 05:35:52,COMPLETED
T00000388,A000092,DEBIT,704.73,INR,INVESTMENT,2024-02-06 20:56:01,COMPLETED
T00000389,A000034,CREDIT,3611.75,USD,UTILITIES,2024-12-10 04:18:26,COMPLETED
T00000390,A000083,TRANSFER,510.58,USD,TRAVEL,2024-07-02 18:18:27,COMPLETED
T00000391,A000101,CREDIT,4854.49,GBP,UTILITIES,2024-07-21 01:07:19,COMPLETED
T00000392,A000069,DEBIT,5975.3,EUR,ATM_WITHDRAWAL,2025-05-06 23:05:05,COMPLETED
T00000393,A000087,FEE,7723.1,INR,GROCERY,2024-10-10 20:12:34,COMPLETED
T00000394,A000006,DEBIT,4775.26,GBP,ATM_WITHDRAWAL,2024-04-17 12:31:09,COMPLETED
T00000395,A000083,FEE,1143.93,INR,ATM_WITHDRAWAL,2024-04-09 04:10:23,COMPLETED
T00000396,A000073,FEE,6811.84,GBP,ECOMMERCE,2024-11-26 20:00:45,COMPLETED
T00000397,A000086,DEBIT,790.13,USD,DINING,2024-07-01 04:40:05,COMPLETED
T00000398,A000031,DEBIT,4958.03,USD,ECOMMERCE,2024-06-17 22:26:25,COMPLETED
T00000399,A000089,CREDIT,4526.59,USD,UTILITIES,2024-03-27 00:10:33,COMPLETED
T00000400,A000101,DEBIT,5919.83,EUR,ELECTRONICS,2024-12-13 12:04:18,FAILED
T00000401,A000060,CREDIT,6199.26,USD,INSURANCE,2024-02-11 10:13:00,FAILED
T00000402,A000018,FEE,1575.47,INR,TRAVEL,2025-04-01 00:40:41,COMPLETED
T00000403,A000081,DEBIT,4657.21,INR,GROCERY,2024-10-09 09:29:19,COMPLETED
T00000404,A000070,CREDIT,6202.7,USD,INSURANCE,2025-01-10 10:35:41,COMPLETED
T00000405,A000065,CREDIT,3177.3,INR,INSURANCE,2024-12-16 06:02:17,COMPLETED
T00000406,A000018,CREDIT,1437.27,INR,ELECTRONICS,2025-01-11 17:36:13,PENDING
T00000407,A000006,DEBIT,3903.7,USD,GROCERY,2024-12-08 07:31:42,COMPLETED
T00000408,A000047,DEBIT,7343.63,USD,DINING,2024-02-22 18:58:57,COMPLETED
T00000409,A000036,TRANSFER,2110.21,USD,UTILITIES,2024-07-06 21:23:48,COMPLETED
T00000410,A000010,CREDIT,3013.75,USD,DINING,2025-02-22 12:33:44,COMPLETED
T00000411,A000062,FEE,57.75,USD,HEALTHCARE,2024-02-09 18:44:01,COMPLETED
T00000412,A000028,DEBIT,1263.07,EUR,HEALTHCARE,2024-07-31 12:01:23,COMPLETED
T00000413,A000062,CREDIT,3834.77,INR,UTILITIES,2024-01-12 08:52:18,COMPLETED
T00000414,A000074,CREDIT,1082.12,EUR,ELECTRONICS,2024-01-29 06:03:22,COMPLETED
T00000415,A000024,CREDIT,3246.62,INR,ATM_WITHDRAWAL,2025-04-29 03:07:19,COMPLETED
T00000416,A000078,REFUND,6939.08,EUR,INSURANCE,2024-03-14 21:12:48,COMPLETED
T00000417,A000024,CREDIT,4088.89,INR,ECOMMERCE,2024-11-01 21:30:10,COMPLETED
T00000418,A000049,DEBIT,873.02,EUR,INVESTMENT,2024-12-16 15:17:03,COMPLETED
T00000419,A000078,DEBIT,3809.57,USD,INVESTMENT,2024-09-14 04:16:43,COMPLETED
T00000420,A000085,DEBIT,4829.78,EUR,UTILITIES,2024-09-24 15:18:59,COMPLETED
T00000421,A000006,CREDIT,3434.51,USD,UTILITIES,2024-06-28 21:26:47,COMPLETED
T00000422,A000098,TRANSFER,4611.09,USD,HEALTHCARE,2025-04-10 03:03:06,COMPLETED
T00000423,A000070,CREDIT,1516.22,INR,INSURANCE,2024-09-24 04:17:24,COMPLETED
T00000424,A000049,CREDIT,5503.7,USD,ELECTRONICS,2024-08-06 23:43:23,COMPLETED
T00000425,A000034,FEE,3391.37,USD,UTILITIES,2025-01-21 07:24:58,COMPLETED
T00000426,A000101,CREDIT,1433.86,USD,ATM_WITHDRAWAL,2024-10-22 12:32:15,COMPLETED
T00000427,A000051,TRANSFER,6840.72,INR,ECOMMERCE,2025-02-04 05:53:26,COMPLETED
T00000428,A000066,CREDIT,2710.81,INR,GROCERY,2024-03-23 14:10:00,REVERSED
T00000429,A000001,TRANSFER,6586.93,INR,TRAVEL,2024-02-02 09:34:43,COMPLETED
T00000430,A000011,CREDIT,5797.34,USD,INVESTMENT,2024-05-26 21:45:11,COMPLETED
T00000431,A000100,TRANSFER,5124.13,USD,INVESTMENT,2024-05-26 07:05:25,COMPLETED
T00000432,A000077,CREDIT,5589.11,INR,DINING,2024-05-02 23:50:54,COMPLETED
T00000433,A000021,DEBIT,2211.12,INR,UTILITIES,2024-10-27 07:17:35,COMPLETED
T00000434,A000095,TRANSFER,7353.82,INR,INVESTMENT,2025-04-13 21:13:26,COMPLETED
T00000435,A000036,DEBIT,7704.64,USD,GROCERY,2024-05-13 06:22:22,COMPLETED
T00000436,A000014,CREDIT,4027.84,USD,INVESTMENT,2025-05-04 09:22:56,FAILED
T00000437,A000074,DEBIT,3544.94,USD,HEALTHCARE,2025-01-22 12:22:00,REVERSED
T00000438,A000059,CREDIT,7172.71,USD,ATM_WITHDRAWAL,2024-02-04 13:55:57,COMPLETED
T00000439,A000029,CREDIT,1843.29,GBP,INVESTMENT,2024-10-01 00:21:14,COMPLETED
T00000440,A000034,DEBIT,748.61,EUR,TRAVEL,2024-10-10 06:29:54,COMPLETED
T00000441,A000046,DEBIT,4591.83,INR,HEALTHCARE,2024-09-12 07:16:10,COMPLETED
T00000442,A000031,FEE,1658.2,USD,INSURANCE,2024-07-01 05:40:46,COMPLETED
T00000443,A000016,INTEREST,5408.12,INR,INVESTMENT,2025-05-05 01:32:19,COMPLETED
T00000444,A000048,CREDIT,3941.26,EUR,ATM_WITHDRAWAL,2024-09-08 06:39:29,BLOCKED
T00000445,A000066,DEBIT,1780.63,USD,UTILITIES,2024-09-01 19:41:19,COMPLETED
T00000446,A000045,DEBIT,5492.28,GBP,INVESTMENT,2024-08-23 11:29:33,COMPLETED
T00000447,A000002,CREDIT,3038.53,USD,ATM_WITHDRAWAL,2024-04-05 19:58:21,COMPLETED
T00000448,A000035,CREDIT,4906.61,USD,HEALTHCARE,2024-08-02 13:33:19,COMPLETED
T00000449,A000052,DEBIT,1443.21,INR,HEALTHCARE,2025-02-20 03:38:10,COMPLETED
T00000450,A000031,CREDIT,6851.19,EUR,ELECTRONICS,2024-08-30 00:21:16,COMPLETED
T00000451,A000064,DEBIT,7146.7,USD,DINING,2025-02-06 17:43:02,COMPLETED
T00000452,A000072,FEE,386.44,USD,HEALTHCARE,2025-02-20 09:15:30,COMPLETED
T00000453,A000081,DEBIT,5958.02,USD,INVESTMENT,2025-04-22 09:22:59,COMPLETED
T00000454,A000053,DEBIT,6939.61,USD,INSURANCE,2024-11-28 23:38:02,COMPLETED
T00000455,A000100,DEBIT,2604.1,INR,ECOMMERCE,2025-03-31 02:51:17,COMPLETED
T00000456,A000037,CREDIT,7652.97,INR,DINING,2024-08-03 22:59:02,COMPLETED
T00000457,A000052,TRANSFER,575.4,USD,DINING,2024-11-30 10:36:28,COMPLETED
T00000458,A000078,CREDIT,2173.63,EUR,DINING,2025-01-17 21:22:08,COMPLETED
T00000459,A000058,CREDIT,1475.17,INR,ATM_WITHDRAWAL,2025-04-26 02:54:54,COMPLETED
T00000460,A000051,DEBIT,515.02,USD,GROCERY,2025-01-29 14:27:17,COMPLETED
T00000461,A000011,DEBIT,4946.73,GBP,UTILITIES,2024-06-07 08:21:02,COMPLETED
T00000462,A000037,CREDIT,1015.66,USD,GROCERY,2024-12-05 12:59:31,FAILED
T00000463,A000042,FEE,3740.21,GBP,INVESTMENT,2024-08-15 04:55:09,REVERSED
T00000464,A000090,CREDIT,4728.69,INR,INSURANCE,2024-08-10 19:03:30,COMPLETED
T00000465,A000069,DEBIT,2780.61,EUR,ECOMMERCE,2024-06-06 13:19:03,COMPLETED
T00000466,A000020,DEBIT,5.74,EUR,DINING,2024-05-26 17:04:58,COMPLETED
T00000467,A000089,INTEREST,7575.93,USD,UTILITIES,2025-02-12 10:39:53,COMPLETED
T00000468,A000001,CREDIT,1512.62,USD,HEALTHCARE,2024-03-24 23:31:11,COMPLETED
T00000469,A000049,DEBIT,638.28,USD,INSURANCE,2025-02-17 09:53:53,COMPLETED
T00000470,A000096,CREDIT,2154.23,USD,ELECTRONICS,2024-05-28 04:01:04,COMPLETED
T00000471,A000080,CREDIT,5605.28,USD,ELECTRONICS,2024-01-26 19:28:39,COMPLETED
T00000472,A000014,DEBIT,1004.69,USD,TRAVEL,2024-03-18 00:32:10,COMPLETED
T00000473,A000044,CREDIT,6286.87,USD,GROCERY,2024-06-18 02:55:15,COMPLETED
T00000474,A000019,DEBIT,6206.35,USD,HEALTHCARE,2025-04-03 09:06:18,COMPLETED
T00000475,A000002,DEBIT,6146.32,INR,ECOMMERCE,2024-05-06 01:13:12,COMPLETED
T00000476,A000095,TRANSFER,4171.51,USD,ATM_WITHDRAWAL,2025-04-24 11:45:44,COMPLETED
T00000477,A000094,DEBIT,7499.68,USD,ATM_WITHDRAWAL,2024-04-11 13:07:21,FAILED
T00000478,A000086,DEBIT,907.86,USD,ELECTRONICS,2025-02-10 10:03:08,COMPLETED
T00000479,A000051,TRANSFER,76.39,INR,ECOMMERCE,2024-12-18 21:42:26,COMPLETED
T00000480,A000099,DEBIT,1265.8,INR,GROCERY,2024-01-31 12:56:38,COMPLETED
T00000481,A000090,CREDIT,863.6,USD,INVESTMENT,2025-02-07 23:28:15,COMPLETED
T00000482,A000057,TRANSFER,175.72,INR,ATM_WITHDRAWAL,2025-04-05 01:26:15,COMPLETED
T00000483,A000057,CREDIT,4344.16,INR,INVESTMENT,2024-06-27 11:47:05,COMPLETED
T00000484,A000036,FEE,4791.45,USD,INVESTMENT,2024-03-20 16:21:41,COMPLETED
T00000485,A000034,CREDIT,3635.36,USD,ELECTRONICS,2025-03-28 00:40:53,COMPLETED
T00000486,A000047,TRANSFER,1914.1,INR,INVESTMENT,2025-02-23 14:06:29,COMPLETED
T00000487,A000088,CREDIT,4413.99,USD,DINING,2024-02-26 03:30:16,COMPLETED
T00000488,A000009,DEBIT,7502.71,USD,TRAVEL,2024-09-05 06:58:35,COMPLETED
T00000489,A000074,CREDIT,3111.85,INR,INSURANCE,2024-05-11 01:47:13,COMPLETED
T00000490,A000078,TRANSFER,109.62,INR,TRAVEL,2024-08-27 23:15:44,COMPLETED
T00000491,A000072,TRANSFER,7123.99,INR,GROCERY,2025-02-25 22:27:42,COMPLETED
T00000492,A000006,TRANSFER,6676.48,USD,INVESTMENT,2024-02-19 03:41:07,COMPLETED
T00000493,A000069,DEBIT,1548.99,INR,ELECTRONICS,2024-10-12 20:19:16,COMPLETED
T00000494,A000014,TRANSFER,4614.63,INR,UTILITIES,2025-03-28 03:47:24,COMPLETED
T00000495,A000024,CREDIT,4040.02,USD,INSURANCE,2024-08-14 12:49:39,FAILED
T00000496,A000071,REFUND,2600.61,INR,UTILITIES,2025-02-26 11:46:35,COMPLETED
T00000497,A000073,CREDIT,3003.63,INR,DINING,2025-05-07 16:28:17,COMPLETED
T00000498,A000051,DEBIT,282.13,USD,ELECTRONICS,2025-05-23 10:59:22,COMPLETED
T00000499,A000029,DEBIT,2522.66,GBP,ATM_WITHDRAWAL,2025-04-15 20:09:29,COMPLETED
T00000500,A000074,INTEREST,1241.94,USD,ELECTRONICS,2024-05-15 13:21:54,FAILED
T00000501,A000032,DEBIT,6489.54,USD,HEALTHCARE,2025-01-10 02:48:38,COMPLETED
T00000502,A000062,DEBIT,6606.51,INR,TRAVEL,2024-10-31 23:23:01,COMPLETED
T00000503,A000094,TRANSFER,3055.46,GBP,DINING,2024-06-27 15:48:45,COMPLETED
T00000504,A000016,FEE,1817.61,INR,GROCERY,2024-11-20 23:01:02,COMPLETED
T00000505,A000040,CREDIT,2557.94,USD,HEALTHCARE,2024-03-19 01:50:21,COMPLETED
T00000506,A000051,REFUND,6023.96,USD,UTILITIES,2024-05-28 14:21:24,COMPLETED
T00000507,A000044,DEBIT,4573.67,USD,TRAVEL,2024-07-23 18:16:14,COMPLETED
T00000508,A000090,DEBIT,1083.29,USD,INSURANCE,2024-04-10 20:25:53,COMPLETED
T00000509,A000095,CREDIT,1942.31,USD,INSURANCE,2024-02-15 04:05:49,COMPLETED
T00000510,A000055,DEBIT,1527.97,INR,ATM_WITHDRAWAL,2024-03-27 12:43:58,COMPLETED
T00000511,A000057,CREDIT,3526.51,USD,DINING,2024-03-20 03:07:27,COMPLETED
T00000512,A000007,DEBIT,4969.91,EUR,ATM_WITHDRAWAL,2024-01-08 12:29:53,COMPLETED
T00000513,A000015,DEBIT,3772.17,INR,HEALTHCARE,2024-04-14 19:53:40,COMPLETED
T00000514,A000034,CREDIT,4986.22,INR,GROCERY,2024-07-11 21:13:35,FAILED
T00000515,A000068,DEBIT,1366.71,INR,INSURANCE,2024-05-18 01:55:57,COMPLETED
T00000516,A000002,DEBIT,5284.68,EUR,DINING,2025-03-18 03:55:41,COMPLETED
T00000517,A000084,DEBIT,7838.44,INR,DINING,2024-09-05 21:44:23,COMPLETED
T00000518,A000024,DEBIT,7734.5,INR,GROCERY,2024-05-06 19:16:31,COMPLETED
T00000519,A000063,DEBIT,1260.26,USD,ATM_WITHDRAWAL,2024-04-30 18:15:00,COMPLETED
T00000520,A000008,CREDIT,7030.02,EUR,GROCERY,2025-04-28 20:12:17,PENDING
T00000521,A000029,DEBIT,7177.92,USD,UTILITIES,2024-09-23 22:17:54,FAILED
T00000522,A000088,DEBIT,1926.68,GBP,INSURANCE,2024-06-17 16:21:13,COMPLETED
T00000523,A000027,CREDIT,4650.34,USD,ELECTRONICS,2024-06-07 19:04:16,FAILED
T00000524,A000056,REFUND,7806.34,GBP,ELECTRONICS,2024-06-11 02:28:08,COMPLETED
T00000525,A000093,DEBIT,2544.19,INR,DINING,2025-03-26 15:04:29,REVERSED
T00000526,A000039,CREDIT,7470.48,GBP,ATM_WITHDRAWAL,2024-03-18 06:50:32,COMPLETED
T00000527,A000024,DEBIT,7887.71,INR,INSURANCE,2024-04-28 21:42:46,COMPLETED
T00000528,A000088,DEBIT,640.41,USD,INSURANCE,2024-08-28 23:39:00,COMPLETED
T00000529,A000050,CREDIT,1104.41,USD,GROCERY,2025-04-18 09:49:30,PENDING
T00000530,A000029,TRANSFER,7906.01,USD,ECOMMERCE,2025-03-19 22:27:59,COMPLETED
T00000531,A000042,FEE,7101.26,INR,INSURANCE,2025-01-11 13:50:56,COMPLETED
T00000532,A000051,CREDIT,5941.03,USD,GROCERY,2024-09-23 03:58:48,COMPLETED
T00000533,A000006,FEE,1969.54,GBP,GROCERY,2024-10-12 14:06:17,COMPLETED
T00000534,A000081,INTEREST,1522.85,EUR,ATM_WITHDRAWAL,2024-08-24 06:03:41,COMPLETED
T00000535,A000079,FEE,5521.17,USD,ECOMMERCE,2024-02-16 18:13:42,COMPLETED
T00000536,A000100,CREDIT,7155.15,USD,DINING,2024-08-18 00:54:25,COMPLETED
T00000537,A000076,FEE,7166.88,USD,DINING,2024-12-20 23:36:50,FAILED
T00000538,A000021,TRANSFER,992.74,USD,DINING,2024-02-13 19:04:17,COMPLETED
T00000539,A000094,TRANSFER,4095.77,USD,UTILITIES,2024-01-23 06:13:18,FAILED
T00000540,A000073,FEE,6902.07,USD,GROCERY,2024-08-02 11:12:58,COMPLETED
T00000541,A000099,INTEREST,2313.8,EUR,HEALTHCARE,2024-01-02 22:40:00,COMPLETED
T00000542,A000002,CREDIT,6844.01,USD,ECOMMERCE,2024-05-01 07:53:46,COMPLETED
T00000543,A000061,CREDIT,3537.79,USD,INVESTMENT,2024-05-22 22:33:53,COMPLETED
T00000544,A000027,DEBIT,1190.31,USD,GROCERY,2024-12-07 21:02:51,COMPLETED
T00000545,A000039,DEBIT,706.18,GBP,ELECTRONICS,2024-12-10 10:21:14,COMPLETED
T00000546,A000089,CREDIT,4580.4,GBP,INSURANCE,2024-07-03 01:18:17,COMPLETED
T00000547,A000039,DEBIT,7180.75,INR,INVESTMENT,2024-02-03 10:39:42,COMPLETED
T00000548,A000016,CREDIT,2198.98,USD,HEALTHCARE,2024-11-09 02:07:06,COMPLETED
T00000549,A000094,REFUND,4233.93,INR,INSURANCE,2025-04-23 10:27:22,COMPLETED
T00000550,A000041,DEBIT,4603.27,GBP,INSURANCE,2024-10-15 18:04:23,COMPLETED
T00000551,A000081,CREDIT,6464.8,USD,ATM_WITHDRAWAL,2025-05-16 07:02:49,COMPLETED
T00000552,A000004,CREDIT,6374.88,USD,INSURANCE,2024-07-31 15:04:29,COMPLETED
T00000553,A000045,CREDIT,25000.0,INR,ATM_WITHDRAWAL,2025-02-08 02:28:11,COMPLETED
T00000554,A000065,CREDIT,6137.43,USD,UTILITIES,2025-01-05 20:42:49,COMPLETED
T00000555,A000004,TRANSFER,1556.15,GBP,ECOMMERCE,2025-04-14 17:16:33,COMPLETED
T00000556,A000083,DEBIT,1247.31,EUR,DINING,2024-08-24 15:04:17,FAILED
T00000557,A000008,TRANSFER,2398.25,USD,INVESTMENT,2024-01-10 07:34:57,COMPLETED
T00000558,A000043,TRANSFER,7104.8,GBP,ATM_WITHDRAWAL,2025-03-06 01:08:05,COMPLETED
T00000559,A000049,CREDIT,6740.03,USD,INSURANCE,2024-02-29 11:13:27,COMPLETED
T00000560,A000041,TRANSFER,2175.62,EUR,DINING,2024-08-19 11:01:06,COMPLETED
T00000561,A000039,DEBIT,2996.85,USD,TRAVEL,2024-08-15 18:25:21,COMPLETED
T00000562,A000062,FEE,1236.85,USD,INVESTMENT,2024-06-07 11:55:04,COMPLETED
T00000563,A000013,TRANSFER,7504.5,USD,GROCERY,2024-08-23 14:06:41,COMPLETED
T00000564,A000067,DEBIT,2491.3,EUR,TRAVEL,2024-06-19 16:59:54,FAILED
T00000565,A000014,CREDIT,5273.58,INR,ATM_WITHDRAWAL,2024-11-23 07:38:24,COMPLETED
T00000566,A000025,DEBIT,4260.55,INR,ATM_WITHDRAWAL,2024-03-17 05:44:03,COMPLETED
T00000567,A000002,INTEREST,4479.21,USD,INVESTMENT,2024-06-12 09:52:07,COMPLETED
T00000568,A000091,TRANSFER,4594.79,USD,DINING,2024-10-03 16:09:09,COMPLETED
T00000569,A000004,CREDIT,5405.59,USD,UTILITIES,2024-07-19 06:30:59,COMPLETED
T00000570,A000076,CREDIT,5522.55,USD,DINING,2025-02-22 07:12:51,COMPLETED
T00000571,A000086,TRANSFER,632.97,INR,INSURANCE,2024-03-08 03:22:58,COMPLETED
T00000572,A000090,CREDIT,3647.4,INR,ECOMMERCE,2024-08-28 08:26:08,PENDING
T00000573,A000019,FEE,4937.45,USD,DINING,2025-02-07 11:49:27,COMPLETED
T00000574,A000004,DEBIT,907.53,EUR,ATM_WITHDRAWAL,2025-01-28 12:41:33,COMPLETED
T00000575,A000017,CREDIT,3248.46,USD,INVESTMENT,2024-11-28 02:34:56,COMPLETED
T00000576,A000069,CREDIT,4726.33,USD,ELECTRONICS,2025-05-13 17:33:45,COMPLETED
T00000577,A000044,DEBIT,5554.01,GBP,INSURANCE,2025-02-07 12:27:32,COMPLETED
T00000578,A000031,DEBIT,5358.49,INR,ECOMMERCE,2024-02-28 21:33:36,COMPLETED
T00000579,A000042,CREDIT,6577.07,GBP,TRAVEL,2024-11-02 03:57:33,COMPLETED
T00000580,A000077,TRANSFER,3034.39,INR,TRAVEL,2024-04-21 05:03:28,FAILED
T00000581,A000097,CREDIT,6.47,USD,INVESTMENT,2024-05-29 14:11:55,COMPLETED
T00000582,A000058,DEBIT,5453.73,INR,ATM_WITHDRAWAL,2025-04-15 15:49:40,COMPLETED
T00000583,A000045,REFUND,4663.9,USD,ELECTRONICS,2025-03-12 10:42:39,COMPLETED
T00000584,A000071,INTEREST,11.74,GBP,TRAVEL,2025-03-16 10:16:29,FAILED
T00000585,A000031,CREDIT,4723.36,INR,UTILITIES,2024-07-14 15:50:41,COMPLETED
T00000586,A000085,DEBIT,1116.86,EUR,DINING,2025-03-06 15:11:27,COMPLETED
T00000587,A000086,DEBIT,97.76,USD,ECOMMERCE,2024-12-02 15:54:03,REVERSED
T00000588,A000018,DEBIT,5139.73,USD,INSURANCE,2025-04-21 15:29:57,COMPLETED
T00000589,A000059,CREDIT,4418.64,USD,ELECTRONICS,2024-08-05 22:00:42,COMPLETED
T00000590,A000064,TRANSFER,1897.82,USD,INVESTMENT,2024-10-22 13:21:39,COMPLETED
T00000591,A000005,CREDIT,5640.54,USD,TRAVEL,2024-03-13 19:09:57,BLOCKED
T00000592,A000097,TRANSFER,3722.17,EUR,TRAVEL,2024-05-05 17:12:05,COMPLETED
T00000593,A000085,INTEREST,629.26,INR,ATM_WITHDRAWAL,2024-11-09 01:55:17,FAILED
T00000594,A000069,TRANSFER,3753.61,USD,DINING,2024-08-03 12:50:57,REVERSED
T00000595,A000038,DEBIT,287.43,INR,INSURANCE,2024-05-13 02:14:10,COMPLETED
T00000596,A000075,DEBIT,417.7,EUR,INSURANCE,2024-01-14 10:26:33,COMPLETED
T00000597,A000017,CREDIT,6812.3,USD,ATM_WITHDRAWAL,2024-05-20 09:21:19,COMPLETED
T00000598,A000015,CREDIT,7281.5,INR,DINING,2025-02-17 06:23:09,COMPLETED
T00000599,A000090,DEBIT,1450.57,USD,TRAVEL,2025-05-10 05:16:54,COMPLETED
T00000600,A000020,TRANSFER,6023.33,USD,ECOMMERCE,2025-01-06 23:12:48,COMPLETED
T00000601,A000074,TRANSFER,2763.88,INR,TRAVEL,2024-01-27 06:06:07,COMPLETED
T00000602,A000061,DEBIT,5970.47,USD,UTILITIES,2024-12-15 14:12:07,COMPLETED
T00000603,A000019,CREDIT,3480.7,INR,UTILITIES,2024-12-13 11:29:37,REVERSED
T00000604,A000088,INTEREST,783.43,USD,UTILITIES,2024-11-08 23:44:27,FAILED
T00000605,A000043,DEBIT,6419.52,INR,ECOMMERCE,2025-01-30 08:48:12,COMPLETED
T00000606,A000076,TRANSFER,4162.02,GBP,DINING,2024-10-07 00:23:06,COMPLETED
T00000607,A000009,DEBIT,786.1,USD,HEALTHCARE,2025-01-06 10:18:52,COMPLETED
T00000608,A000005,DEBIT,740.07,INR,HEALTHCARE,2025-05-01 21:49:22,COMPLETED
T00000609,A000091,INTEREST,695.66,USD,INSURANCE,2025-02-15 06:43:37,FAILED
T00000610,A000090,DEBIT,2360.08,USD,ECOMMERCE,2025-04-17 10:03:46,COMPLETED
T00000611,A000089,FEE,6160.19,USD,TRAVEL,2024-05-21 02:16:17,COMPLETED
T00000612,A000043,REFUND,2069.62,USD,TRAVEL,2024-09-08 07:18:22,COMPLETED
T00000613,A000023,CREDIT,871.9,USD,INSURANCE,2024-11-25 03:52:06,FAILED
T00000614,A000092,DEBIT,283.71,INR,ECOMMERCE,2024-01-10 18:07:14,COMPLETED
T00000615,A000082,DEBIT,307.5,USD,DINING,2025-04-08 14:14:52,COMPLETED
T00000616,A000066,TRANSFER,6169.07,USD,TRAVEL,2024-10-03 08:13:22,COMPLETED
T00000617,A000089,TRANSFER,3859.12,GBP,DINING,2024-06-19 11:01:32,COMPLETED
T00000618,A000081,REFUND,5178.36,EUR,DINING,2024-02-11 16:44:05,COMPLETED
T00000619,A000038,CREDIT,1417.06,USD,HEALTHCARE,2024-06-02 14:12:11,FAILED
T00000620,A000081,CREDIT,3894.6,USD,HEALTHCARE,2024-03-12 01:17:59,COMPLETED
T00000621,A000093,REFUND,1911.69,INR,ATM_WITHDRAWAL,2024-09-12 19:26:24,REVERSED
T00000622,A000058,INTEREST,136.26,USD,GROCERY,2024-07-26 04:18:11,COMPLETED
T00000623,A000084,CREDIT,3669.67,EUR,ELECTRONICS,2025-01-14 21:05:36,COMPLETED
T00000624,A000010,DEBIT,1137.02,USD,INSURANCE,2024-01-24 08:50:08,COMPLETED
T00000625,A000017,DEBIT,5063.13,EUR,TRAVEL,2024-08-21 22:15:14,COMPLETED
T00000626,A000076,DEBIT,6540.68,INR,INSURANCE,2024-04-22 02:17:51,COMPLETED
T00000627,A000055,DEBIT,6687.99,USD,TRAVEL,2025-05-14 20:58:13,COMPLETED
T00000628,A000042,TRANSFER,6345.85,INR,DINING,2024-02-02 04:23:46,COMPLETED
T00000629,A000097,CREDIT,5571.88,USD,INSURANCE,2024-01-21 04:51:21,COMPLETED
T00000630,A000081,CREDIT,99999.0,USD,GROCERY,2024-04-01 03:14:43,COMPLETED
T00000631,A000076,FEE,3332.7,INR,ELECTRONICS,2024-04-15 05:12:34,COMPLETED
T00000632,A000067,CREDIT,1917.83,INR,INSURANCE,2024-04-02 18:12:01,COMPLETED
T00000633,A000012,CREDIT,6261.75,USD,HEALTHCARE,2024-04-08 04:16:41,BLOCKED
T00000634,A000013,CREDIT,6902.53,USD,ECOMMERCE,2025-01-29 22:48:31,COMPLETED
T00000635,A000036,DEBIT,905.87,EUR,ECOMMERCE,2024-09-11 06:25:11,COMPLETED
T00000636,A000006,DEBIT,2916.72,USD,INSURANCE,2025-02-16 16:29:54,COMPLETED
T00000637,A000095,DEBIT,4301.2,USD,INVESTMENT,2024-02-29 02:34:47,FAILED
T00000638,A000093,CREDIT,4640.2,INR,DINING,2024-04-27 04:00:35,COMPLETED
T00000639,A000013,DEBIT,3303.7,EUR,TRAVEL,2024-08-29 21:18:09,COMPLETED
T00000640,A000056,DEBIT,7423.46,USD,ELECTRONICS,2024-08-22 07:04:08,COMPLETED
T00000641,A000035,DEBIT,1022.06,USD,ELECTRONICS,2024-02-26 16:56:58,COMPLETED
T00000642,A000022,TRANSFER,1762.73,USD,INSURANCE,2025-04-08 06:11:13,COMPLETED
T00000643,A000071,FEE,696.36,USD,HEALTHCARE,2024-10-29 17:14:21,COMPLETED
T00000644,A000036,DEBIT,3427.74,USD,UTILITIES,2024-10-23 08:05:51,FAILED
T00000645,A000076,INTEREST,7310.47,USD,GROCERY,2024-01-21 17:08:09,COMPLETED
T00000646,A000065,DEBIT,4251.32,INR,TRAVEL,2024-08-19 18:01:58,COMPLETED
T00000647,A000072,TRANSFER,5546.81,USD,DINING,2024-05-31 08:42:14,COMPLETED
T00000648,A000012,DEBIT,5353.94,USD,INSURANCE,2025-01-17 21:15:01,COMPLETED
T00000649,A000059,CREDIT,1113.3,USD,DINING,2024-11-16 16:54:16,COMPLETED
T00000650,A000001,FEE,570.24,USD,GROCERY,2024-05-31 15:30:23,COMPLETED
T00000651,A000090,INTEREST,4341.77,INR,TRAVEL,2024-11-13 12:13:20,COMPLETED
T00000652,A000008,CREDIT,7280.48,USD,UTILITIES,2024-07-06 16:56:34,COMPLETED
T00000653,A000047,DEBIT,5187.14,INR,HEALTHCARE,2024-03-11 12:11:39,COMPLETED
T00000654,A000015,CREDIT,5900.35,EUR,HEALTHCARE,2025-01-20 08:12:28,COMPLETED
T00000655,A000035,CREDIT,3386.32,USD,ECOMMERCE,2024-09-05 18:15:26,COMPLETED
T00000656,A000016,CREDIT,4257.58,EUR,ECOMMERCE,2024-11-13 13:24:13,COMPLETED
T00000657,A000089,TRANSFER,7527.3,EUR,ECOMMERCE,2024-02-14 02:55:08,COMPLETED
T00000658,A000023,DEBIT,7653.23,USD,ELECTRONICS,2024-09-11 05:28:46,FAILED
T00000659,A000067,INTEREST,186.41,INR,ELECTRONICS,2024-08-30 12:37:22,COMPLETED
T00000660,A000095,CREDIT,2335.68,EUR,HEALTHCARE,2025-03-03 18:55:07,COMPLETED
T00000661,A000053,CREDIT,5247.81,USD,INVESTMENT,2025-03-07 19:58:08,COMPLETED
T00000662,A000039,CREDIT,7186.76,INR,HEALTHCARE,2024-09-04 13:32:25,REVERSED
T00000663,A000099,TRANSFER,1190.96,GBP,INSURANCE,2025-04-18 05:51:15,COMPLETED
T00000664,A000037,DEBIT,1407.0,EUR,ELECTRONICS,2024-03-23 08:39:42,COMPLETED
T00000665,A000041,CREDIT,3529.9,USD,GROCERY,2024-12-06 11:32:22,REVERSED
T00000666,A000019,DEBIT,4321.23,USD,GROCERY,2024-07-26 18:10:59,COMPLETED
T00000667,A000059,INTEREST,1252.65,USD,INVESTMENT,2024-06-18 23:33:55,COMPLETED
T00000668,A000061,FEE,7757.0,GBP,ELECTRONICS,2025-02-13 20:34:46,COMPLETED
T00000669,A000057,DEBIT,902.96,USD,INVESTMENT,2024-02-29 11:13:00,COMPLETED
T00000670,A000080,TRANSFER,3570.55,USD,HEALTHCARE,2024-10-25 19:10:00,COMPLETED
T00000671,A000099,DEBIT,185.28,USD,TRAVEL,2025-05-14 18:38:01,COMPLETED
T00000672,A000063,DEBIT,4842.6,EUR,DINING,2024-07-22 05:23:11,COMPLETED
T00000673,A000055,DEBIT,2985.79,USD,ECOMMERCE,2025-03-23 20:25:35,COMPLETED
T00000674,A000094,FEE,5933.51,USD,ELECTRONICS,2025-02-16 15:25:52,COMPLETED
T00000675,A000054,DEBIT,4699.5,USD,ECOMMERCE,2025-05-21 19:07:32,BLOCKED
T00000676,A000009,INTEREST,4727.48,USD,ATM_WITHDRAWAL,2024-07-31 06:22:03,COMPLETED
T00000677,A000091,CREDIT,7319.4,EUR,ATM_WITHDRAWAL,2024-10-10 17:51:42,COMPLETED
T00000678,A000039,TRANSFER,2434.8,USD,GROCERY,2025-02-09 00:05:20,COMPLETED
T00000679,A000039,INTEREST,6674.77,INR,ATM_WITHDRAWAL,2024-08-01 06:31:50,COMPLETED
T00000680,A000089,CREDIT,232.4,USD,TRAVEL,2024-11-02 13:10:16,COMPLETED
T00000681,A000073,CREDIT,2067.0,GBP,TRAVEL,2024-07-10 18:39:37,COMPLETED
T00000682,A000003,TRANSFER,1306.96,USD,ELECTRONICS,2024-07-01 05:56:45,COMPLETED
T00000683,A000047,CREDIT,7297.28,USD,INVESTMENT,2024-11-23 02:47:49,COMPLETED
T00000684,A000099,CREDIT,6118.69,USD,DINING,2025-03-22 11:30:46,COMPLETED
T00000685,A000088,TRANSFER,2175.31,USD,INVESTMENT,2024-10-23 12:48:08,COMPLETED
T00000686,A000002,DEBIT,2254.93,USD,ELECTRONICS,2024-02-22 07:55:57,COMPLETED
T00000687,A000029,TRANSFER,6361.88,INR,INVESTMENT,2025-03-09 19:22:22,COMPLETED
T00000688,A000090,TRANSFER,916.16,USD,ELECTRONICS,2025-04-17 00:37:57,COMPLETED
T00000689,A000040,CREDIT,1116.42,GBP,INVESTMENT,2025-01-25 12:27:12,COMPLETED
T00000690,A000039,DEBIT,6517.52,EUR,ELECTRONICS,2024-12-18 08:14:57,COMPLETED
T00000691,A000027,DEBIT,633.45,INR,TRAVEL,2024-01-10 17:37:52,COMPLETED
T00000692,A000006,DEBIT,267.18,INR,ECOMMERCE,2024-03-01 09:12:42,COMPLETED
T00000693,A000039,CREDIT,6037.63,GBP,HEALTHCARE,2024-10-27 07:16:57,COMPLETED
T00000694,A000045,DEBIT,1168.73,USD,INSURANCE,2024-06-27 12:49:23,COMPLETED
T00000695,A000065,TRANSFER,4905.59,USD,INSURANCE,2025-01-25 00:30:32,COMPLETED
T00000696,A000092,DEBIT,2258.45,USD,TRAVEL,2025-04-18 07:47:31,FAILED
T00000697,A000091,CREDIT,5586.57,INR,TRAVEL,2024-04-02 12:55:07,BLOCKED
T00000698,A000055,DEBIT,1824.3,GBP,TRAVEL,2024-08-26 04:00:59,COMPLETED
T00000699,A000064,TRANSFER,5639.32,USD,DINING,2024-09-09 04:12:47,COMPLETED
T00000700,A000059,CREDIT,2499.5,USD,INVESTMENT,2024-07-27 10:34:48,BLOCKED
T00000701,A000055,DEBIT,561.53,USD,DINING,2024-04-01 00:27:55,BLOCKED
T00000702,A000063,CREDIT,3173.98,INR,TRAVEL,2024-03-14 14:22:28,COMPLETED
T00000703,A000076,REFUND,5932.75,USD,DINING,2025-05-14 07:14:54,COMPLETED
T00000704,A000077,TRANSFER,3237.29,USD,ECOMMERCE,2024-05-22 21:11:13,COMPLETED
T00000705,A000097,TRANSFER,5152.43,USD,INSURANCE,2025-05-01 14:43:31,BLOCKED
T00000706,A000066,DEBIT,6145.16,USD,ECOMMERCE,2024-04-28 22:52:41,PENDING
T00000707,A000004,DEBIT,427.56,INR,ELECTRONICS,2024-07-14 22:00:44,COMPLETED
T00000708,A000020,DEBIT,4987.74,INR,INVESTMENT,2025-01-27 17:55:12,COMPLETED
T00000709,A000026,DEBIT,3985.7,USD,INVESTMENT,2024-10-06 00:38:36,PENDING
T00000710,A000005,REFUND,7041.6,USD,UTILITIES,2024-08-14 16:44:08,COMPLETED
T00000711,A000023,CREDIT,6883.58,INR,ECOMMERCE,2024-08-08 04:53:47,COMPLETED
T00000712,A000050,CREDIT,879.51,INR,INVESTMENT,2024-10-19 17:06:20,COMPLETED
T00000713,A000021,CREDIT,3134.12,GBP,INSURANCE,2024-12-12 12:50:37,COMPLETED
T00000714,A000037,DEBIT,230.04,EUR,DINING,2025-02-18 21:15:41,COMPLETED
T00000715,A000081,DEBIT,783.31,USD,DINING,2024-01-29 08:53:31,COMPLETED
T00000716,A000083,DEBIT,684.11,EUR,TRAVEL,2024-06-21 06:10:53,COMPLETED
T00000717,A000042,DEBIT,5263.85,USD,UTILITIES,2024-05-16 00:44:34,COMPLETED
T00000718,A000076,DEBIT,2535.53,USD,TRAVEL,2025-02-17 17:46:50,COMPLETED
T00000719,A000087,DEBIT,3976.37,INR,ELECTRONICS,2024-11-10 10:54:18,COMPLETED
T00000720,A000056,DEBIT,5085.38,USD,INVESTMENT,2024-04-19 10:27:44,COMPLETED
T00000721,A000039,REFUND,3219.21,INR,TRAVEL,2025-01-02 21:03:04,COMPLETED
T00000722,A000044,DEBIT,4533.59,USD,DINING,2025-02-11 02:47:28,COMPLETED
T00000723,A000039,CREDIT,2402.77,USD,UTILITIES,2024-07-24 09:08:53,COMPLETED
T00000724,A000059,CREDIT,4382.76,INR,INVESTMENT,2025-03-17 06:47:30,COMPLETED
T00000725,A000028,CREDIT,6592.14,USD,INVESTMENT,2025-02-18 22:22:13,FAILED
T00000726,A000056,INTEREST,5814.29,USD,ECOMMERCE,2024-03-16 08:45:06,COMPLETED
T00000727,A000088,TRANSFER,6753.76,EUR,TRAVEL,2024-11-20 07:24:40,COMPLETED
T00000728,A000035,TRANSFER,5170.11,INR,UTILITIES,2024-05-02 04:08:04,COMPLETED
T00000729,A000004,DEBIT,6618.69,INR,UTILITIES,2024-08-04 23:33:13,FAILED
T00000730,A000026,DEBIT,1095.76,EUR,INVESTMENT,2024-03-31 23:27:28,FAILED
T00000731,A000093,CREDIT,164.17,USD,INSURANCE,2024-06-01 02:18:53,FAILED
T00000732,A000053,FEE,5375.02,USD,ELECTRONICS,2024-04-30 04:04:31,COMPLETED
T00000733,A000065,INTEREST,4178.05,GBP,INVESTMENT,2024-05-08 18:04:30,FAILED
T00000734,A000031,CREDIT,6186.66,EUR,UTILITIES,2025-02-16 08:35:24,PENDING
T00000735,A000028,DEBIT,1405.36,USD,ATM_WITHDRAWAL,2025-03-17 21:27:44,COMPLETED
T00000736,A000069,DEBIT,7589.94,USD,HEALTHCARE,2025-05-08 10:06:43,FAILED
T00000737,A000019,DEBIT,5726.79,USD,INSURANCE,2024-01-18 01:59:26,COMPLETED
T00000738,A000101,CREDIT,2027.6,INR,DINING,2025-04-07 04:26:37,COMPLETED
T00000739,A000031,FEE,3110.83,USD,ATM_WITHDRAWAL,2024-06-03 03:17:09,PENDING
T00000740,A000097,DEBIT,1687.04,EUR,DINING,2025-03-26 23:27:46,COMPLETED
T00000741,A000005,DEBIT,645.36,USD,UTILITIES,2025-04-19 12:06:50,COMPLETED
T00000742,A000013,TRANSFER,5589.37,USD,INSURANCE,2025-01-08 19:56:31,COMPLETED
T00000743,A000059,CREDIT,6096.99,USD,ECOMMERCE,2025-02-09 23:20:30,COMPLETED
T00000744,A000052,DEBIT,2447.85,USD,HEALTHCARE,2024-09-21 23:38:09,COMPLETED
T00000745,A000077,CREDIT,6342.18,USD,ELECTRONICS,2024-05-13 06:18:58,COMPLETED
T00000746,A000042,TRANSFER,1593.32,USD,UTILITIES,2025-04-28 20:46:02,COMPLETED
T00000747,A000003,INTEREST,5178.62,EUR,ECOMMERCE,2024-04-11 09:31:52,COMPLETED
T00000748,A000022,DEBIT,4945.94,USD,DINING,2024-03-28 20:39:09,COMPLETED
T00000749,A000092,CREDIT,6188.01,EUR,ECOMMERCE,2024-03-01 08:10:23,COMPLETED
T00000750,A000025,INTEREST,6508.23,INR,UTILITIES,2024-03-07 15:42:12,FAILED
T00000751,A000077,DEBIT,6593.59,USD,ELECTRONICS,2024-07-28 05:18:49,COMPLETED
T00000752,A000034,DEBIT,3610.56,INR,ECOMMERCE,2024-02-13 00:22:32,COMPLETED
T00000753,A000042,REFUND,3183.45,USD,UTILITIES,2025-01-11 21:44:35,COMPLETED
T00000754,A000013,CREDIT,421.64,USD,DINING,2025-05-25 22:04:38,PENDING
T00000755,A000077,TRANSFER,99999.0,USD,UTILITIES,2024-12-09 13:30:14,COMPLETED
T00000756,A000072,DEBIT,1439.08,USD,DINING,2025-03-25 17:02:32,COMPLETED
T00000757,A000041,TRANSFER,3466.27,USD,ELECTRONICS,2024-09-12 10:13:51,COMPLETED
T00000758,A000056,DEBIT,7016.11,INR,ATM_WITHDRAWAL,2024-09-21 11:23:46,COMPLETED
T00000759,A000022,DEBIT,7956.55,USD,ECOMMERCE,2024-01-28 06:52:42,COMPLETED
T00000760,A000030,DEBIT,3764.63,USD,TRAVEL,2025-05-24 18:01:08,COMPLETED
T00000761,A000046,REFUND,4489.03,USD,ELECTRONICS,2024-03-04 12:43:43,COMPLETED
T00000762,A000037,DEBIT,1350.52,USD,INSURANCE,2024-04-18 21:14:46,BLOCKED
T00000763,A000001,CREDIT,4568.45,USD,ECOMMERCE,2024-12-12 03:26:00,FAILED
T00000764,A000004,DEBIT,7850.77,USD,TRAVEL,2025-03-04 11:46:46,COMPLETED
T00000765,A000011,CREDIT,5663.11,INR,ATM_WITHDRAWAL,2024-10-31 23:57:26,COMPLETED
T00000766,A000006,CREDIT,7607.41,INR,INSURANCE,2024-03-07 07:41:44,FAILED
T00000767,A000083,DEBIT,6386.19,USD,INSURANCE,2024-07-14 03:22:10,COMPLETED
T00000768,A000023,DEBIT,6168.17,USD,HEALTHCARE,2024-03-24 14:08:41,COMPLETED
T00000769,A000037,CREDIT,7635.69,USD,UTILITIES,2025-01-11 11:17:25,FAILED
T00000770,A000078,DEBIT,5325.83,USD,ECOMMERCE,2024-08-16 14:07:47,COMPLETED
T00000771,A000073,CREDIT,726.33,USD,ELECTRONICS,2024-08-10 22:57:45,COMPLETED
T00000772,A000006,CREDIT,7786.31,INR,ELECTRONICS,2025-04-21 18:02:02,COMPLETED
T00000773,A000083,CREDIT,2329.17,EUR,ECOMMERCE,2024-06-02 05:24:38,BLOCKED
T00000774,A000088,FEE,6733.1,USD,GROCERY,2024-10-09 02:47:11,FAILED
T00000775,A000066,DEBIT,3402.18,INR,INSURANCE,2025-02-20 09:13:31,COMPLETED
T00000776,A000075,DEBIT,4030.04,INR,ELECTRONICS,2025-02-06 06:38:02,COMPLETED
T00000777,A000006,DEBIT,7014.66,INR,ECOMMERCE,2025-01-22 16:22:55,COMPLETED
T00000778,A000034,DEBIT,7345.3,USD,TRAVEL,2025-01-17 21:59:34,COMPLETED
T00000779,A000087,DEBIT,10000.0,USD,ECOMMERCE,2024-08-23 14:44:56,FAILED
T00000780,A000096,CREDIT,3896.35,GBP,DINING,2024-12-19 14:22:53,COMPLETED
T00000781,A000012,DEBIT,115.94,USD,HEALTHCARE,2025-03-15 00:58:34,COMPLETED
T00000782,A000084,DEBIT,1938.03,EUR,INVESTMENT,2024-04-07 03:08:04,COMPLETED
T00000783,A000060,DEBIT,3377.92,EUR,ECOMMERCE,2025-05-08 17:39:36,COMPLETED
T00000784,A000058,CREDIT,1614.7,EUR,GROCERY,2024-06-19 00:17:12,COMPLETED
T00000785,A000092,CREDIT,3328.41,INR,INVESTMENT,2024-05-28 01:20:51,COMPLETED
T00000786,A000063,CREDIT,5798.29,EUR,ECOMMERCE,2024-04-28 02:12:36,COMPLETED
T00000787,A000055,CREDIT,4428.28,INR,ECOMMERCE,2024-02-29 18:00:52,COMPLETED
T00000788,A000083,DEBIT,5581.63,USD,HEALTHCARE,2024-08-28 12:31:08,COMPLETED
T00000789,A000065,DEBIT,7273.02,INR,ECOMMERCE,2024-03-08 10:40:55,COMPLETED
T00000790,A000050,INTEREST,6665.48,INR,ECOMMERCE,2025-02-13 05:53:57,COMPLETED
T00000791,A000037,CREDIT,694.1,USD,ELECTRONICS,2024-11-06 17:55:11,COMPLETED
T00000792,A000054,INTEREST,3952.33,INR,GROCERY,2024-07-02 09:29:44,COMPLETED
T00000793,A000021,DEBIT,6876.4,EUR,DINING,2024-08-08 04:08:58,COMPLETED
T00000794,A000016,CREDIT,3893.49,INR,GROCERY,2025-01-29 20:16:50,COMPLETED
T00000795,A000020,FEE,6990.2,USD,GROCERY,2025-04-19 15:56:26,COMPLETED
T00000796,A000097,DEBIT,851.61,INR,TRAVEL,2025-02-25 20:28:44,COMPLETED
T00000797,A000014,DEBIT,948.88,USD,ATM_WITHDRAWAL,2024-12-28 16:04:30,COMPLETED
T00000798,A000064,TRANSFER,798.86,USD,ELECTRONICS,2024-03-03 07:21:02,COMPLETED
T00000799,A000054,TRANSFER,57.67,USD,ATM_WITHDRAWAL,2024-09-15 06:14:07,COMPLETED
T00000800,A000048,TRANSFER,3322.99,USD,INVESTMENT,2024-08-03 08:18:28,COMPLETED
T00000801,A000055,DEBIT,,USD,GROCERY,2025-03-15 10:00:00,COMPLETED
T00000001,A000071,DEBIT,2307.79,USD,GROCERY,2025-05-13 22:56:18,COMPLETED
